<ImportExportXml version="9.2.22033.144" SolutionPackageVersion="9.2" languagecode="1033" generatedBy="CrmLive" xmlns:xsi="http://www.w3.org/2001/XMLSchema-instance">
  <SolutionManifest>
    <UniqueName>EmployeeSolution</UniqueName>
    <LocalizedNames>
      <LocalizedName description="EmployeeSolution" languagecode="1033" />
    </LocalizedNames>
    <Descriptions />
    <Version>1.0.0.4</Version>
    <Managed>0</Managed>
    <Publisher>
      <UniqueName>Cr8697b</UniqueName>
      <LocalizedNames>
        <LocalizedName description="CDS Default Publisher" languagecode="1033" />
      </LocalizedNames>
      <Descriptions />
      <EMailAddress xsi:nil="true"></EMailAddress>
      <SupportingWebsiteUrl xsi:nil="true"></SupportingWebsiteUrl>
      <CustomizationPrefix>crc5b</CustomizationPrefix>
      <CustomizationOptionValuePrefix>68552</CustomizationOptionValuePrefix>
      <Addresses>
        <Address>
          <AddressNumber>1</AddressNumber>
          <AddressTypeCode xsi:nil="true"></AddressTypeCode>
          <City xsi:nil="true"></City>
          <County xsi:nil="true"></County>
          <Country xsi:nil="true"></Country>
          <Fax xsi:nil="true"></Fax>
          <FreightTermsCode xsi:nil="true"></FreightTermsCode>
          <ImportSequenceNumber xsi:nil="true"></ImportSequenceNumber>
          <Latitude xsi:nil="true"></Latitude>
          <Line1 xsi:nil="true"></Line1>
          <Line2 xsi:nil="true"></Line2>
          <Line3 xsi:nil="true"></Line3>
          <Longitude xsi:nil="true"></Longitude>
          <Name xsi:nil="true"></Name>
          <PostalCode xsi:nil="true"></PostalCode>
          <PostOfficeBox xsi:nil="true"></PostOfficeBox>
          <PrimaryContactName xsi:nil="true"></PrimaryContactName>
          <ShippingMethodCode xsi:nil="true"></ShippingMethodCode>
          <StateOrProvince xsi:nil="true"></StateOrProvince>
          <Telephone1 xsi:nil="true"></Telephone1>
          <Telephone2 xsi:nil="true"></Telephone2>
          <Telephone3 xsi:nil="true"></Telephone3>
          <TimeZoneRuleVersionNumber xsi:nil="true"></TimeZoneRuleVersionNumber>
          <UPSZone xsi:nil="true"></UPSZone>
          <UTCOffset xsi:nil="true"></UTCOffset>
          <UTCConversionTimeZoneCode xsi:nil="true"></UTCConversionTimeZoneCode>
        </Address>
        <Address>
          <AddressNumber>2</AddressNumber>
          <AddressTypeCode xsi:nil="true"></AddressTypeCode>
          <City xsi:nil="true"></City>
          <County xsi:nil="true"></County>
          <Country xsi:nil="true"></Country>
          <Fax xsi:nil="true"></Fax>
          <FreightTermsCode xsi:nil="true"></FreightTermsCode>
          <ImportSequenceNumber xsi:nil="true"></ImportSequenceNumber>
          <Latitude xsi:nil="true"></Latitude>
          <Line1 xsi:nil="true"></Line1>
          <Line2 xsi:nil="true"></Line2>
          <Line3 xsi:nil="true"></Line3>
          <Longitude xsi:nil="true"></Longitude>
          <Name xsi:nil="true"></Name>
          <PostalCode xsi:nil="true"></PostalCode>
          <PostOfficeBox xsi:nil="true"></PostOfficeBox>
          <PrimaryContactName xsi:nil="true"></PrimaryContactName>
          <ShippingMethodCode xsi:nil="true"></ShippingMethodCode>
          <StateOrProvince xsi:nil="true"></StateOrProvince>
          <Telephone1 xsi:nil="true"></Telephone1>
          <Telephone2 xsi:nil="true"></Telephone2>
          <Telephone3 xsi:nil="true"></Telephone3>
          <TimeZoneRuleVersionNumber xsi:nil="true"></TimeZoneRuleVersionNumber>
          <UPSZone xsi:nil="true"></UPSZone>
          <UTCOffset xsi:nil="true"></UTCOffset>
          <UTCConversionTimeZoneCode xsi:nil="true"></UTCConversionTimeZoneCode>
        </Address>
      </Addresses>
    </Publisher>
    <RootComponents>
      <RootComponent type="1" schemaName="crc5b_city" behavior="0" />
      <RootComponent type="1" schemaName="crc5b_country" behavior="0" />
      <RootComponent type="1" schemaName="crc5b_department" behavior="0" />
      <RootComponent type="1" schemaName="crc5b_employee" behavior="0" />
      <RootComponent type="1" schemaName="crc5b_hr_connect" behavior="0" />
      <RootComponent type="1" schemaName="crc5b_salary" behavior="0" />
      <RootComponent type="29" id="{016abb5d-0aac-ec11-983e-000d3aca4daa}" behavior="0" />
      <RootComponent type="29" id="{39eabd20-c0b4-ec11-983e-000d3a0a8309}" behavior="0" />
      <RootComponent type="29" id="{e184afdb-a2b4-ec11-983e-000d3a0a8309}" behavior="0" />
      <RootComponent type="60" id="{721cafea-ccb3-ec11-983e-000d3a0a8309}" behavior="0" />
      <RootComponent type="60" id="{7344c670-5bb3-ec11-983e-000d3a0a8309}" />
      <RootComponent type="60" id="{d1d9cfd6-ceb3-ec11-983e-000d3a0a8309}" behavior="0" />
      <RootComponent type="61" schemaName="crc5b_dataxweb" behavior="0" />
      <RootComponent type="61" schemaName="crc5b_Dob" behavior="0" />
      <RootComponent type="61" schemaName="crc5b_Hide_Show" behavior="0" />
      <RootComponent type="61" schemaName="crc5b_hr_connect" behavior="0" />
      <RootComponent type="61" schemaName="crc5b_salweb" behavior="0" />
      <RootComponent type="61" schemaName="crc5b_Web_resource_1" behavior="0" />
      <RootComponent type="61" schemaName="crc5b_Web_resource_2" behavior="0" />
      <RootComponent type="62" schemaName="crc5b_EmployeeApp" behavior="0" />
      <RootComponent type="80" schemaName="crc5b_EmployeeApp" behavior="0" />
    </RootComponents>
    <MissingDependencies>
      <MissingDependency>
        <Required type="61" schemaName="msdyn_/Images/AppModule_Default_Icon.png" displayName="msdyn_/Images/AppModule_Default_Icon.png" solution="AppModuleWebResources (2.5)" />
        <Dependent type="80" schemaName="crc5b_EmployeeApp" displayName="Employee App" />
      </MissingDependency>
      <MissingDependency>
        <Required type="66" schemaName="MscrmControls.Grid.GridControl" displayName="MscrmControls.Grid.GridControl" solution="BaseCustomControlsCore (9.0.2203.3014)" />
        <Dependent type="68" id="{3d803715-5690-4b52-a153-aab9e7782565}" />
      </MissingDependency>
      <MissingDependency>
        <Required type="66" schemaName="MscrmControls.InputMask.InputMaskControl" displayName="MscrmControls.InputMask.InputMaskControl" solution="CustomControlsCore (9.2.22033.00144)" />
        <Dependent type="60" displayName="Information" parentDisplayName="Employee" id="{d2cb94d2-3bad-4c9e-86be-a1162618ad66}" />
      </MissingDependency>
      <MissingDependency>
        <Required type="66" schemaName="MscrmControls.NumberInput.NumberInputControl" displayName="MscrmControls.NumberInput.NumberInputControl" solution="BaseCustomControlsCore (9.0.2203.3014)" />
        <Dependent type="60" displayName="Information" parentDisplayName="Employee" id="{d2cb94d2-3bad-4c9e-86be-a1162618ad66}" />
      </MissingDependency>
      <MissingDependency>
        <Required type="66" schemaName="MscrmControls.Timeline.TimelineControl" displayName="MscrmControls.Timeline.TimelineControl" solution="CustomControlsCore (9.2.22033.00144)" />
        <Dependent type="68" id="{3d803715-5690-4b52-a153-aab9e7782565}" />
      </MissingDependency>
    </MissingDependencies>
  </SolutionManifest>
</ImportExportXml>