<appaction uniquename="crc5b__HrConnect!1e4eb2be833a43c6b7bc9b043b7d93c1!crc5b_EmployeeApp!crc5b_employee!0">
  <appmoduleid>
    <uniquename>crc5b_EmployeeApp</uniquename>
  </appmoduleid>
  <buttonlabeltext default="Hr_Connect">
    <label description="Hr_Connect" languagecode="1033" />
  </buttonlabeltext>
  <buttonsequencepriority>17.5000000000</buttonsequencepriority>
  <context>1</context>
  <contextentity>
    <logicalname>crc5b_employee</logicalname>
  </contextentity>
  <contextvalue>crc5b_employee</contextvalue>
  <fonticon>$clientsvg:FollowUser</fonticon>
  <hidden>0</hidden>
  <iscustomizable>1</iscustomizable>
  <isgrouptitlehidden>0</isgrouptitlehidden>
  <location>0</location>
  <name>HrConnect!1e4eb2be833a43c6b7bc9b043b7d93c1</name>
  <onclickeventjavascriptfunctionname>Navigate.navigateToHRForm</onclickeventjavascriptfunctionname>
  <onclickeventjavascriptparameters>[]</onclickeventjavascriptparameters>
  <onclickeventjavascriptwebresourceid>
    <webresourceid>e6190425-57b3-ec11-983e-000d3a0a8309</webresourceid>
  </onclickeventjavascriptwebresourceid>
  <onclickeventtype>2</onclickeventtype>
  <statecode>0</statecode>
  <statuscode>1</statuscode>
  <type>0</type>
</appaction>