<appaction uniquename="crc5b__CalculateSalary!5823f090f8044690b6472169e671924e!crc5b_EmployeeApp!crc5b_employee!0">
  <appmoduleid>
    <uniquename>crc5b_EmployeeApp</uniquename>
  </appmoduleid>
  <buttonlabeltext default="Calculate_Salary">
    <label description="Calculate_Salary" languagecode="1033" />
  </buttonlabeltext>
  <buttonsequencepriority>15.0000000000</buttonsequencepriority>
  <context>1</context>
  <contextentity>
    <logicalname>crc5b_employee</logicalname>
  </contextentity>
  <contextvalue>crc5b_employee</contextvalue>
  <fonticon>$clientsvg:Add</fonticon>
  <hidden>0</hidden>
  <iscustomizable>1</iscustomizable>
  <isgrouptitlehidden>0</isgrouptitlehidden>
  <location>0</location>
  <name>CalculateSalary!5823f090f8044690b6472169e671924e</name>
  <onclickeventjavascriptfunctionname>Navigate.navigateToIssueForm</onclickeventjavascriptfunctionname>
  <onclickeventjavascriptparameters>[]</onclickeventjavascriptparameters>
  <onclickeventjavascriptwebresourceid>
    <webresourceid>9fc793de-7ab1-ec11-983e-000d3af2f0b1</webresourceid>
  </onclickeventjavascriptwebresourceid>
  <onclickeventtype>2</onclickeventtype>
  <statecode>0</statecode>
  <statuscode>1</statuscode>
  <type>0</type>
</appaction>